{
    "transform": {
        "0": [
            1.0,
            -0.0,
            0.0,
            0.0,
            1.0,
            0.0,
            0.0,
            0.0,
            1.0
        ],
        "1": [
            0.9944851994514465,
            -0.10487677156925201,
            0.0,
            0.10487677156925201,
            0.9944851994514465,
            0.0,
            0.0,
            0.0,
            1.0
        ],
        "2": [
            0.9780017137527466,
            -0.20859679579734802,
            0.0,
            0.20859679579734802,
            0.9780017137527466,
            0.0,
            0.0,
            0.0,
            1.0
        ],
        "3": [
            0.9507312774658203,
            -0.31001609563827515,
            0.0,
            0.31001609563827515,
            0.9507312774658203,
            0.0,
            0.0,
            0.0,
            1.0
        ],
        "4": [
            0.9129747748374939,
            -0.40801605582237244,
            0.0,
            0.40801605582237244,
            0.9129747748374939,
            0.0,
            0.0,
            0.0,
            1.0
        ],
        "5": [
            0.8651484847068787,
            -0.501515805721283,
            0.0,
            0.501515805721283,
            0.8651484847068787,
            0.0,
            0.0,
            0.0,
            1.0
        ],
        "6": [
            0.8077800273895264,
            -0.5894840359687805,
            0.0,
            0.5894840359687805,
            0.8077800273895264,
            0.0,
            0.0,
            0.0,
            1.0
        ],
        "7": [
            0.7415021061897278,
            -0.6709505319595337,
            0.0,
            0.6709505319595337,
            0.7415021061897278,
            0.0,
            0.0,
            0.0,
            1.0
        ],
        "8": [
            0.6670457720756531,
            -0.7450166940689087,
            0.0,
            0.7450166940689087,
            0.6670457720756531,
            0.0,
            0.0,
            0.0,
            1.0
        ],
        "9": [
            0.5852322578430176,
            -0.8108657002449036,
            0.0,
            0.8108657002449036,
            0.5852322578430176,
            0.0,
            0.0,
            0.0,
            1.0
        ],
        "10": [
            0.49696382880210876,
            -0.8677712678909302,
            0.0,
            0.8677712678909302,
            0.49696382880210876,
            0.0,
            0.0,
            0.0,
            1.0
        ],
        "11": [
            0.40321412682533264,
            -0.9151056408882141,
            0.0,
            0.9151056408882141,
            0.40321412682533264,
            0.0,
            0.0,
            0.0,
            1.0
        ],
        "12": [
            0.3050171732902527,
            -0.9523468613624573,
            0.0,
            0.9523468613624573,
            0.3050171732902527,
            0.0,
            0.0,
            0.0,
            1.0
        ],
        "13": [
            0.20345601439476013,
            -0.9790840744972229,
            0.0,
            0.9790840744972229,
            0.20345601439476013,
            0.0,
            0.0,
            0.0,
            1.0
        ],
        "14": [
            0.09965082257986069,
            -0.9950224757194519,
            0.0,
            0.9950224757194519,
            0.09965082257986069,
            0.0,
            0.0,
            0.0,
            1.0
        ],
        "15": [
            -0.005253475159406662,
            -0.9999861717224121,
            0.0,
            0.9999861717224121,
            -0.005253475159406662,
            0.0,
            0.0,
            0.0,
            1.0
        ],
        "16": [
            -0.11009982973337173,
            -0.9939205050468445,
            0.0,
            0.9939205050468445,
            -0.11009982973337173,
            0.0,
            0.0,
            0.0,
            1.0
        ],
        "17": [
            -0.2137318253517151,
            -0.976892352104187,
            0.0,
            0.976892352104187,
            -0.2137318253517151,
            0.0,
            0.0,
            0.0,
            1.0
        ],
        "18": [
            -0.31500646471977234,
            -0.949089527130127,
            0.0,
            0.949089527130127,
            -0.31500646471977234,
            0.0,
            0.0,
            0.0,
            1.0
        ],
        "19": [
            -0.4128067195415497,
            -0.9108186364173889,
            0.0,
            0.9108186364173889,
            -0.4128067195415497,
            0.0,
            0.0,
            0.0,
            1.0
        ],
        "20": [
            -0.5060539245605469,
            -0.862501859664917,
            0.0,
            0.862501859664917,
            -0.5060539245605469,
            0.0,
            0.0,
            0.0,
            1.0
        ],
        "21": [
            -0.5937195420265198,
            -0.8046720623970032,
            0.0,
            0.8046720623970032,
            -0.5937195420265198,
            0.0,
            0.0,
            0.0,
            1.0
        ],
        "22": [
            -0.6748366951942444,
            -0.7379670739173889,
            0.0,
            0.7379670739173889,
            -0.6748366951942444,
            0.0,
            0.0,
            0.0,
            1.0
        ],
        "23": [
            -0.7485107779502869,
            -0.6631226539611816,
            0.0,
            0.6631226539611816,
            -0.7485107779502869,
            0.0,
            0.0,
            0.0,
            1.0
        ],
        "24": [
            -0.81392902135849,
            -0.5809642672538757,
            0.0,
            0.5809642672538757,
            -0.81392902135849,
            0.0,
            0.0,
            0.0,
            1.0
        ],
        "25": [
            -0.870370090007782,
            -0.49239814281463623,
            0.0,
            0.49239814281463623,
            -0.870370090007782,
            0.0,
            0.0,
            0.0,
            1.0
        ],
        "26": [
            -0.9172112941741943,
            -0.39840108156204224,
            0.0,
            0.39840108156204224,
            -0.9172112941741943,
            0.0,
            0.0,
            0.0,
            1.0
        ],
        "27": [
            -0.9539361000061035,
            -0.3000098466873169,
            0.0,
            0.3000098466873169,
            -0.9539361000061035,
            0.0,
            0.0,
            0.0,
            1.0
        ],
        "28": [
            -0.980139434337616,
            -0.19830961525440216,
            0.0,
            0.19830961525440216,
            -0.980139434337616,
            0.0,
            0.0,
            0.0,
            1.0
        ],
        "29": [
            -0.9955322742462158,
            -0.0944221168756485,
            0.0,
            0.0944221168756485,
            -0.9955322742462158,
            0.0,
            0.0,
            0.0,
            1.0
        ],
        "30": [
            -0.999944806098938,
            0.010506805963814259,
            0.0,
            -0.010506805963814259,
            -0.999944806098938,
            0.0,
            0.0,
            0.0,
            1.0
        ],
        "31": [
            -0.9933283925056458,
            0.11531984806060791,
            0.0,
            -0.11531984806060791,
            -0.9933283925056458,
            0.0,
            0.0,
            0.0,
            1.0
        ],
        "32": [
            -0.975756049156189,
            0.2188609540462494,
            0.0,
            -0.2188609540462494,
            -0.975756049156189,
            0.0,
            0.0,
            0.0,
            1.0
        ],