{
  "camera": {
    "width": 2295,
    "height": 1530,
    "fov": 52.225377991520559232873093703223
  },
  "trajectory": {
    "0": [
        [
            -0.37418103218078613,
            -0.9107882976531982,
            0.17450864613056183,
            2.234926223754883
        ],
        [
            0.899405837059021,
            -0.31056851148605347,
            0.30759763717651367,
            3.09140682220459
        ],
        [
            -0.2259594202041626,
            0.27205130457878113,
            0.9353771805763245,
            8.8175048828125
        ],
        [
            0.0,
            0.0,
            0.0,
            1.0
        ]
    ],
    "1": [
        [
            -0.37418103218078613,
            -0.9107882976531982,
            0.17450864613056183,
            2.234926223754883
        ],
        [
            0.899405837059021,
            -0.31056851148605347,
            0.30759763717651367,
            3.09140682220459
        ],
        [
            -0.2259594202041626,
            0.27205130457878113,
            0.9353771805763245,
            8.8175048828125
        ],
        [
            0.0,
            0.0,
            0.0,
            1.0
        ]
    ],
    "2": [
        [
            -0.37418103218078613,
            -0.9107882976531982,
            0.17450864613056183,
            2.234926223754883
        ],
        [
            0.899405837059021,
            -0.31056851148605347,
            0.30759763717651367,
            3.09140682220459
        ],
        [
            -0.2259594202041626,
            0.27205130457878113,
            0.9353771805763245,
            8.8175048828125
        ],
        [
            0.0,
            0.0,
            0.0,
            1.0
        ]
    ],
    "3": [
        [
            -0.37418103218078613,
            -0.9107882976531982,
            0.17450864613056183,
            2.234926223754883
        ],
        [
            0.899405837059021,
            -0.31056851148605347,
            0.30759763717651367,
            3.09140682220459
        ],
        [
            -0.2259594202041626,
            0.27205130457878113,
            0.9353771805763245,
            8.8175048828125
        ],
        [
            0.0,
            0.0,
            0.0,
            1.0
        ]
    ],
    "4": [
        [
            -0.37418103218078613,
            -0.9107882976531982,
            0.17450864613056183,
            2.234926223754883
        ],
        [
            0.899405837059021,
            -0.31056851148605347,
            0.30759763717651367,
            3.09140682220459
        ],
        [
            -0.2259594202041626,
            0.27205130457878113,
            0.9353771805763245,
            8.8175048828125
        ],
        [
            0.0,
            0.0,
            0.0,
            1.0
        ]
    ],
    "5": [
        [
            -0.37418103218078613,
            -0.9107882976531982,
            0.17450864613056183,
            2.234926223754883
        ],
        [
            0.899405837059021,
            -0.31056851148605347,
            0.30759763717651367,
            3.09140682220459
        ],
        [
            -0.2259594202041626,
            0.27205130457878113,
            0.9353771805763245,
            8.8175048828125
        ],
        [
            0.0,
            0.0,
            0.0,
            1.0
        ]
    ],
    "6": [
        [
            -0.37418103218078613,
            -0.9107882976531982,
            0.17450864613056183,
            2.234926223754883
        ],
        [
            0.899405837059021,
            -0.31056851148605347,
            0.30759763717651367,
            3.09140682220459
        ],
        [
            -0.2259594202041626,
            0.27205130457878113,
            0.9353771805763245,
            8.8175048828125
        ],
        [
            0.0,
            0.0,
            0.0,
            1.0
        ]
    ],
    "7": [
        [
            -0.37418103218078613,
            -0.9107882976531982,
            0.17450864613056183,
            2.234926223754883
        ],
        [
            0.899405837059021,
            -0.31056851148605347,
            0.30759763717651367,
            3.09140682220459
        ],
        [
            -0.2259594202041626,
            0.27205130457878113,
            0.9353771805763245,
            8.8175048828125
        ],
        [
            0.0,
            0.0,
            0.0,
            1.0
        ]
    ],
    "8": [
        [
            -0.37418103218078613,
            -0.9107882976531982,
            0.17450864613056183,
            2.234926223754883
        ],
        [
            0.899405837059021,
            -0.31056851148605347,
            0.30759763717651367,
            3.09140682220459
        ],
        [
            -0.2259594202041626,
            0.27205130457878113,
            0.9353771805763245,
            8.8175048828125
        ],
        [
            0.0,
            0.0,
            0.0,
            1.0
        ]
    ],
    "9": [
        [
            -0.37418103218078613,
            -0.8988356590270996,
            0.22821703553199768,
            2.949087619781494
        ],
        [
            0.899405837059021,
            -0.29177936911582947,
            0.32547488808631897,
            3.3291211128234863
        ],
        [
            -0.2259594202041626,
            0.327046275138855,
            0.9175963401794434,
            8.581072807312012
        ],
        [
            0.0,
            0.0,
            0.0,
            1.0
        ]
    ],
    "10": [
        [
            -0.3750896155834198,
            -0.8661270141601562,
            0.3303510546684265,
            4.307165622711182
        ],
        [
            0.8977829813957214,
            -0.25067228078842163,
            0.36214524507522583,
            3.816727638244629
        ],
        [
            -0.23085391521453857,
            0.4324204623699188,
            0.8716186285018921,
            7.9697065353393555
        ],
        [
            0.0,
            0.0,
            0.0,
            1.0
        ]
    ],
    "11": [
        [
            -0.37687593698501587,
            -0.8113938570022583,
            0.4467712640762329,
            5.855207443237305
        ],
        [
            0.8944633603096008,
            -0.19350269436836243,
            0.40310296416282654,
            4.3613433837890625
        ],
        [
            -0.24062380194664001,
            0.5515403151512146,
            0.7986885905265808,
            6.9999542236328125
        ],
        [
            0.0,
            0.0,
            0.0,
            1.0
        ]
    ],
    "12": [
        [
            -0.3786209225654602,
            -0.7406598925590515,
            0.5550397634506226,
            7.294856071472168
        ],
        [
            0.8910456895828247,
            -0.1294718235731125,
            0.43505704402923584,
            4.7862372398376465
        ],
        [
            -0.25036731362342834,
            0.6592874526977539,
            0.708982527256012,
            5.807130813598633
        ],
        [
            0.0,
            0.0,
            0.0,
            1.0
        ]
    ],
    "13": [
        [
            -0.3803243935108185,
            -0.6556217670440674,
            0.6523139476776123,
            8.588313102722168
        ],
        [
            0.8875302672386169,
            -0.060382939875125885,
            0.4567755162715912,
            5.075028419494629
        ],
        [
            -0.2600833475589752,
            0.7526712417602539,
            0.6048492789268494,
            4.422469139099121
        ],
        [
            0.0,
            0.0,
            0.0,
            1.0
        ]
    ],